USE [master]
GO
/****** Object:  Database [SoccerLeagueDB]    Script Date: 8/8/2020 8:40:05 AM ******/
CREATE DATABASE [SoccerLeagueDB] 
GO

USE [SoccerLeagueDB]
GO
/****** Object:  Table [dbo].[ClubDetails]    Script Date: 8/8/2020 8:40:05 AM ******/
SET ANSI_NULLS ON
GO
SET QUOTED_IDENTIFIER ON
GO
CREATE TABLE [dbo].[ClubDetails](
	[TeamID] [int] IDENTITY(1,1) NOT NULL,
	[TeamName] [nvarchar](100) NOT NULL,
	[HomeGround] [nvarchar](50) NOT NULL,
	[RegisteredOfficeAddress] [nvarchar](max) NOT NULL,
	[ContactEmail] [nvarchar](50) NOT NULL,
	[ContactTelephone] [nvarchar](50) NOT NULL,
	[ClubLogo] [nvarchar](max) NOT NULL,
 CONSTRAINT [PK_ClubDetails] PRIMARY KEY CLUSTERED 
(
	[TeamID] ASC
)WITH (PAD_INDEX = OFF, STATISTICS_NORECOMPUTE = OFF, IGNORE_DUP_KEY = OFF, ALLOW_ROW_LOCKS = ON, ALLOW_PAGE_LOCKS = ON) ON [PRIMARY]
) ON [PRIMARY] TEXTIMAGE_ON [PRIMARY]
GO
/****** Object:  Table [dbo].[Genders]    Script Date: 8/8/2020 8:40:05 AM ******/
SET ANSI_NULLS ON
GO
SET QUOTED_IDENTIFIER ON
GO
CREATE TABLE [dbo].[Genders](
	[GenderID] [int] IDENTITY(1,1) NOT NULL,
	[GenderName] [nvarchar](50) NULL,
 CONSTRAINT [PK_Genders] PRIMARY KEY CLUSTERED 
(
	[GenderID] ASC
)WITH (PAD_INDEX = OFF, STATISTICS_NORECOMPUTE = OFF, IGNORE_DUP_KEY = OFF, ALLOW_ROW_LOCKS = ON, ALLOW_PAGE_LOCKS = ON) ON [PRIMARY]
) ON [PRIMARY]
GO
/****** Object:  Table [dbo].[PlayerPositions]    Script Date: 8/8/2020 8:40:05 AM ******/
SET ANSI_NULLS ON
GO
SET QUOTED_IDENTIFIER ON
GO
CREATE TABLE [dbo].[PlayerPositions](
	[PositionID] [int] IDENTITY(1,1) NOT NULL,
	[PositionName] [nvarchar](50) NOT NULL,
 CONSTRAINT [PK_PlayerPositions] PRIMARY KEY CLUSTERED 
(
	[PositionID] ASC
)WITH (PAD_INDEX = OFF, STATISTICS_NORECOMPUTE = OFF, IGNORE_DUP_KEY = OFF, ALLOW_ROW_LOCKS = ON, ALLOW_PAGE_LOCKS = ON) ON [PRIMARY]
) ON [PRIMARY]
GO
/****** Object:  Table [dbo].[Players]    Script Date: 8/8/2020 8:40:05 AM ******/
SET ANSI_NULLS ON
GO
SET QUOTED_IDENTIFIER ON
GO
CREATE TABLE [dbo].[Players](
	[PlayerID] [int] IDENTITY(1,1) NOT NULL,
	[FirstName] [nvarchar](50) NOT NULL,
	[MiddleName] [nvarchar](50) NULL,
	[Surname] [nvarchar](50) NOT NULL,
	[GenderID] [int] NOT NULL,
	[CurrentClubID] [int] NULL,
	[PlayerPhoto] [nvarchar](max) NOT NULL,
	[ContactEmail] [nvarchar](50) NOT NULL,
	[ContactPhone] [nvarchar](50) NOT NULL,
	[PositionID] [int] NOT NULL,
 CONSTRAINT [PK_Players] PRIMARY KEY CLUSTERED 
(
	[PlayerID] ASC
)WITH (PAD_INDEX = OFF, STATISTICS_NORECOMPUTE = OFF, IGNORE_DUP_KEY = OFF, ALLOW_ROW_LOCKS = ON, ALLOW_PAGE_LOCKS = ON) ON [PRIMARY]
) ON [PRIMARY] TEXTIMAGE_ON [PRIMARY]
GO
/****** Object:  Table [dbo].[PlayerTransfers]    Script Date: 8/8/2020 8:40:05 AM ******/
SET ANSI_NULLS ON
GO
SET QUOTED_IDENTIFIER ON
GO
CREATE TABLE [dbo].[PlayerTransfers](
	[TransferID] [int] IDENTITY(1,1) NOT NULL,
	[PlayerID] [int] NOT NULL,
	[OriginatingClubID] [int] NULL,
	[DestinationClubID] [int] NOT NULL,
	[TransferDate] [datetime] NOT NULL,
	[TransferTypeID] [int] NOT NULL,
	[TransferFee] [decimal](18, 2) NULL,
	[SignOnFee] [decimal](18, 2) NOT NULL,
	[TransferAgent] [nvarchar](200) NOT NULL,
	[AgentFee] [decimal](18, 2) NOT NULL,
 CONSTRAINT [PK_PlayerTransfers] PRIMARY KEY CLUSTERED 
(
	[TransferID] ASC
)WITH (PAD_INDEX = OFF, STATISTICS_NORECOMPUTE = OFF, IGNORE_DUP_KEY = OFF, ALLOW_ROW_LOCKS = ON, ALLOW_PAGE_LOCKS = ON) ON [PRIMARY]
) ON [PRIMARY]
GO
/****** Object:  Table [dbo].[Roles]    Script Date: 8/8/2020 8:40:05 AM ******/
SET ANSI_NULLS ON
GO
SET QUOTED_IDENTIFIER ON
GO
CREATE TABLE [dbo].[Roles](
	[RoleID] [int] IDENTITY(1,1) NOT NULL,
	[RoleName] [nvarchar](50) NOT NULL,
 CONSTRAINT [PK_Roles] PRIMARY KEY CLUSTERED 
(
	[RoleID] ASC
)WITH (PAD_INDEX = OFF, STATISTICS_NORECOMPUTE = OFF, IGNORE_DUP_KEY = OFF, ALLOW_ROW_LOCKS = ON, ALLOW_PAGE_LOCKS = ON) ON [PRIMARY]
) ON [PRIMARY]
GO
/****** Object:  Table [dbo].[TransferTypes]    Script Date: 8/8/2020 8:40:05 AM ******/
SET ANSI_NULLS ON
GO
SET QUOTED_IDENTIFIER ON
GO
CREATE TABLE [dbo].[TransferTypes](
	[TransferTypeID] [int] IDENTITY(1,1) NOT NULL,
	[TransferTypeName] [nvarchar](50) NULL,
 CONSTRAINT [PK_TransferTypes] PRIMARY KEY CLUSTERED 
(
	[TransferTypeID] ASC
)WITH (PAD_INDEX = OFF, STATISTICS_NORECOMPUTE = OFF, IGNORE_DUP_KEY = OFF, ALLOW_ROW_LOCKS = ON, ALLOW_PAGE_LOCKS = ON) ON [PRIMARY]
) ON [PRIMARY]
GO
/****** Object:  Table [dbo].[Users]    Script Date: 8/8/2020 8:40:05 AM ******/
SET ANSI_NULLS ON
GO
SET QUOTED_IDENTIFIER ON
GO
CREATE TABLE [dbo].[Users](
	[UserID] [int] IDENTITY(1,1) NOT NULL,
	[Username] [nvarchar](50) NOT NULL,
	[Password] [nvarchar](50) NOT NULL,
	[TeamID] [int] NULL,
 CONSTRAINT [PK_Users] PRIMARY KEY CLUSTERED 
(
	[UserID] ASC
)WITH (PAD_INDEX = OFF, STATISTICS_NORECOMPUTE = OFF, IGNORE_DUP_KEY = OFF, ALLOW_ROW_LOCKS = ON, ALLOW_PAGE_LOCKS = ON) ON [PRIMARY]
) ON [PRIMARY]
GO
/****** Object:  Table [dbo].[UsersInRoles]    Script Date: 8/8/2020 8:40:05 AM ******/
SET ANSI_NULLS ON
GO
SET QUOTED_IDENTIFIER ON
GO
CREATE TABLE [dbo].[UsersInRoles](
	[ID] [int] IDENTITY(1,1) NOT NULL,
	[UserID] [int] NOT NULL,
	[RoleID] [int] NOT NULL,
 CONSTRAINT [PK_UsersInRoles] PRIMARY KEY CLUSTERED 
(
	[ID] ASC
)WITH (PAD_INDEX = OFF, STATISTICS_NORECOMPUTE = OFF, IGNORE_DUP_KEY = OFF, ALLOW_ROW_LOCKS = ON, ALLOW_PAGE_LOCKS = ON) ON [PRIMARY]
) ON [PRIMARY]
GO
SET IDENTITY_INSERT [dbo].[ClubDetails] ON 
GO
INSERT [dbo].[ClubDetails] ([TeamID], [TeamName], [HomeGround], [RegisteredOfficeAddress], [ContactEmail], [ContactTelephone], [ClubLogo]) VALUES (8, N'Gunar F.C.', N'Gunar Stadium London', N'45 North London', N'admin@gunarfc.com', N'5465656565566', N'data:image/png;base64,iVBORw0KGgoAAAANSUhEUgAAALoAAABwCAYAAACpfWojAAAABGdBTUEAALGPC/xhBQAAACBjSFJNAAB6JgAAgIQAAPoAAACA6AAAdTAAAOpgAAA6mAAAF3CculE8AAAABmJLR0QA/wD/AP+gvaeTAAAAB3RJTUUH5AgFBy0emcU5zgAAGrpJREFUeNrtnXl8VOW5x7/vyUYgCCQkAUrFrYCiVVxARTQJRUgCWrUStVq9tta2Wm2vt622ty6tertxq7Wu7a22LhhQ77USAiJh0eIK4gaugGyBbCCBAElm3vvH74wZ4sxkZggkwPv9fOZzMpn3zDlzzvO+7/M+2wGHw+FwOBwOh8PhcDgcDofD4XA4HA6Hw+FwOBwOh8PhcDgcDofD0cmkdOGxPWAgcBpQ5v+9C9gBtHb1hXEcWJh9fKyeSLDPAs4ARgD9w85jO/Ax8CowH1gEVAO2qy+UY/9mbwq6AQYAxyGhHgecBGT4n28DViChfhk4wm93HBrdDRAE3gdeBBYCS4BVQEtXXzjH/kVnCnoq0Af4KlAInAkcTduIvR1YiYR2PrAUWJ/zXF2zMYEMa2itL823fvuhaNQ/CzjR/95UYCuwBvgXGu1fAmqAnV19IR3dmz0V9GzgZDQSj0Ejdh//s53AcmAxEu5XgLWAzZ+5yWv1+DLWnOrvexrQgEb2RRizrL4kt97/nkP87w2pPCeizgAa2Vf4+y1AI/4naCZwOD4nEUFPAXKBY5DAFQDHIsH20Gi7Egn2AiR89cDO7Jk1GcYwCBiJVJgzgSFAVoRzaAUagbeQurIAeN8zgdrakoEAvZFuX+ifxwj/vFKAJjTiL/L3exXYiBa4joOYjgS9FzAaCdRYJFR5/mcBNGKHVJG3kKAHALIragYAZxh1iNHAcCTYybDJP9ZC4CWP4Mu1pQOa/M9CnW+sf56nhh1nO/ARmk0W+q/qrr7ojn2Paff3ANqEpgAYBfTwP9uK1IKQfrwQqAOCOTNr0jD2UDAnotG6AAl2Cp2/4LVo5H4DjdoLgQ/6BuurP5l8NP75nuSfw1n+7wktbgPAh/75VwHLcIvbgwKDBKIAqQJD0YhtkI79EW3qwzJgfd6zm3YFUk06lv4YTvX3Ox1ZTfp2wW8IArXAu/jWGWvNmwa7rX5yvsXacHXrLKQ+9UKL20ZkznwJzUpzkTXIcYBhaLNRNwHvAa+hEe81YDVA/pyNXmvAOxTLyUhYTkf6eXpX/4AobEFWnQVgFltjlzXk5dZzsgHp+CfSpo6dQNvitgSo7OqTd3Q+IUF/E5iELB87cypqMgzkW1lUCpFAHIYsIPvSydQZtAKb0Yjvz05mBQFTX39Of4NmoV8B38cJ+gFLqr9tBDZkz6w93Bh7AzDKygae7OKxO5GKFqyF/suCrSPFLs2pqJlbX5o3FdniHQcwqbu9M4wArunqk9rLGCT4E5Bza2pXn5Bj7+N19Qk4HPsCJ+iOg4LUBNo2As1dfcJJ0gOZFB0HKYkI+o+x9v+6+oSTwpjvAbd39Wk4uo6ERvT6Sfn1ANkVtXkG+kKwB5hUoNEo5qUeyEHmvL7AZovtZzCtFnYYWXG2An0t1BnoD7YBTLaFHRissTYdaAJziMXUG2wOxjZgTbbFNBpsBlgLpgXIChrT4FmbbaHeQI6FzyymF7DdBlM+2jw5m5yKmu1dfaEdXUsigh6GHQd8B8zhSLAXWNmgHwcuBZ4BJmtrzrPqAO9ZOZqqkM3+Hxa+BaYcZRi9i6XFYgYD7wBFwKMWLmtrYxdaOBxMK7ABOMNYO93ClLa2VBrsGGCOlxq4BJe04SBpQWchcCTwARqll6M0uDdQFtErKK7kNWTOa0QhuiFXfbPfNstvkwZ2DZgA6jhrgC1g3wB6YUNtWO4fM4BmjRoUoZiqtqYX8ohuAmbWFec6IXcASQh6/5k1/YKYbWCPB4ahmPR0FH7bAIxHYbHjUPRg6P8rUBRjit+m1t9u1da8hwR4EApFOAtMHdjxGLZiGQ9kovDeAIpCPA11ovFqy3j/NEcBs7v64jq6DwkLetAwzMO+YeF5JKS9gHct9DDwvlWczHI0Wq+QLk+j1SjdaqTC9EIj8yKUKrfIwGqrAK1P/b+NwX5gYRFWbdBssNGoXYOFFgMrrPb/wN++A2wDs7SrL66j+5CwoBvD0cGgfc0Y0wPFp/dBC80TgFVG0YHV6P0Gf7vZSPU4Hi1cR6KowZGoA4wEMo3iUgb6bUeC+cRgR2JYg2Ukiqj8MhrRN/nfs9bffuJvtwBHWeyu3Pk1prYwz6kvjqQcRsMaJuUHwS4B1gPrkBqyDi0616I49dD7dUjgQ23q/DYN/ja0TzXKBlpvpXuvBVsPrLX28zY1frtqPm/z+WehbS3wQTBgq4NN5Hb1BXZ0DxIXdMvQ7Fm1acaYjcgRk4l09B4xtpH+lxahTeiVoa1JRypRetj/Mzo4VjrQsOWc/CCKQ3c4krK65Blr+9oUbzWBYA9kZQl5HjOQbt7+fSsSwCbgFSxzIPhK0KbfYa0JGmNvSbEBGzQegdQULzXQMhhjzwQbylDqgeLIM/3jBfy/s8KOEX7s5f65DkNJI46DnKQEHehfP7F/bU5FzadYtgDVGD5GZr2PkAqyEksNhg9QAsfDFvtJQ2n+DjSafwklbxyChHcXyu7ZgFScRw6bv4ptTb1mW8NwLAPBbMDaABDAUIfWBxv9Y4aOvcEqXQ4UauxwJCXo6ShtbgVwLIY8tEgchRaWo5H+fCyGFzzs1bWl+XWog5wHlCLHUTYaldPCvjuATJPbgKWrCw+fAzwHVDHdzsvpVXs0hjvQgnSjf6wN/na1v200MKPPnC0erc1Du/oCO7oHyTqMhgMVwBzgCKx9B0izxrxvZAZ8Ffh7gNYX60sHBZH6cR5wF1ItopGC1I8s5GktRmlvVzHFtNTDipznaq/AsyVotG4GlmNtPwwrsCzAmGUmJbgqNdA8mAMjccTRCSQr6CGVIAcoxZgsoNjIebPdGp5oKMlrDGtvgYeQSvEASsLuiHrgVr/950VH6yfnbgWe7F9Rc4rv+t+JMecBjRjOM5bN6a3Bpl3GG0bXFlF1dCP2ZEQHqRVZyJPZBNxrjF1eX5IfqUScRZn244D70YjtRWm3BPgO8DZRYlXqSvNe719RM94qyTkVP6TAGpZsKB1ETkXNUPa//FbHXiJZQR/ad9bmFGxLCxI0D3i3vjQvHm/kOuB84FoUOtsz7LOdwB+A36DwgZjUleaty67YNM9grkbOq3FonQD7ZiHaF6lWx6DZLYD8Ax8jj+86Dt7yeEeicoMd8b/Iwx4Peahmz1CgH1JdNyEv+wqkBUQkWUHv7dmWLxm5/l/HcptNMasS2L8F+COqPnAfEsr3geuBF0hAOBpK8zdmz6ybZIwtBTsMWNx/bq2xzXZvLkT7AdehWWcgUpFCa5FQFeDP0Ex3E6obc7AxBngkjnaL6VjQBwI/Ay5C+b4eusYhjaAVCfks4N+Rd3w3khX0NANHWuwSMMuNMavqi3OPQsKaCAtQZv7lwN9R70yU4xsm9X87u6JmqVG470bbbLOQZWZzkr8vFl8BnkClQD4Afge8ji5uOpCPQh0moKCzPkkd5cDhTeDpGJ/Xd7D/ycCTyNL3FvBnpNI2IsPGoeg6FyNrXiDSl+wm6EZTQW2UA+7ytw1I3RhsjLfQ8wK310wcMAJZYUajsIBE2ISEJRky0dT3c0zKk9jAM1hTi7FZyGy5xW+3I8rv6ugitycfeBZNy7f5590Upe3PUT2cV5P8bQcK7wB3JLnvMej+9kWq7v/QJofhPESbGtkY6YvaCbpdZA0nRjxk0Nb7jUqBFGv5rL4kN6Ri3IccQCXAX/bhRRyLevTdDSU5C/vPqn2CIBassZ4pwM9xNYbHrTri7tjIvT8KBgn30Ujt+jXE3H8XUsMcyWGA/0Zh2/+BDBjRAvQsmr3nRfuy3QR91PaL8621E6MeurwIGi8KvVvTcvdps1+4/uVr0NQBcC7qdftiAWaAC5F+nAf8vq4k9/KJ0wsPMdac//lv2/2c27O9Eh6L83jDgYuRo+o3kFAnCWcgmnLXEbm4aToaNHb4xwqRijp1DXKo9UROuuP8fT5GtScbohy3P6pjMwyFU2xHqtfSKPv0QjPYWv88h6OsryASqI+S/P3xMgY4G5mk/8weZoq119GPQ3brjrDAtS9c/3Iu8CPazHijUEXeDXv5IoCmqq+FvT8fuMd43lIC9mrglDi+o5r4BX0iCleYQ3T1Lh7+giwHp6NKvu0ZimL9X0SLr9ANzkVm15+gNcFDKCy5BS3KMpBQXM4X1aWrgV+ie9OCOmkaGiTWoHv4HLsL0zi0bjoLhWrcS1sR2aeBb+zBNYiHC5FcPUcnVDtOtq5LvTFMQzfi0LD/56IbmCjJ2LtHo3qQITKBayu/Ma+FvaM+jfW3b7Fno0tvJDDRnFkp/uftvbqe//+TUU5uJnAVGlzGoAHqKOCv7B5WEbo2y4Fvo9k3VGT1j0g1eJg230iINP94Y4C7UXrkd/19Yi0u25OF7lP7V6wCtWno/oKqOO8xqeimGQBr476BM2dNqWoE/i3CZ18Hnorze4z/g6YCDwLTiL/3Tonwv0nAIGupNIYGFE8Ti9DvNe3eR+IIf9vVDxL4FhqxL2B3leM6ZO053d++EfbZ/WhEbn9tX0Md68dohP51hOP9CFnHLqVtIZjIAHkOskC1ZyyyyEQii7YHTmykE/D8Hx96UtyuOPebiRw0kWzV44ivWJABbkC5naejkegBpB50RB/a8kPb/3+clxKsRrpnR4Q8uPH8/l5xtNkXtAI/5It6dSt6nA7A4e0+20XkASSIVLEgmg0ikYMsSLva7RcvDWhUbv9qirFPGonLZExS0aLEnyZtPEXwP8OwBPXUnhE+z0W9NVZy8uHAn9AIHP7jrkRT5XdRcFg0CtCU2x4DjJ914YLHisuLFrG7Dh+JkCkqJMSxLn7oOUjxdETQgnOIv99aOq/sxrv+KxKh+5cR4TODfAuj0II0B6lRA/zP0qJ853z2bOE5G60bEqGVtqpwvTvjonnI1twPwGq67+iGrA/sCNQiXTESTUS+0KHjTUJT4aQobYahGeMGokc6biP6gvB47WeXxfFbQnb0fv42loMpFFrwpXguLFrAvY7WC51Z4zKZhVkusoYtQbV3rkOOuqORoMciEY93Z7GdtnsT7/WOiYccNllAb2NppONHm6ybd+VLzchD2J43kUrxbITPsoDfooXUocSmN/B7tOg5LMLn89CzkhbwRWEeAmRizCd0bAIMWYcG+N8Ty5oSsmSMJj6Pcor/O3rRtcFlfdD9uBzV4xkDDEYWmzOQ0He3eJxdtC1Cx3TGF3rInpuKbnY0D2I4GwKBQAq797SdyGlUQGRPYCowA43SacSHQQ6oRcie254P0azwO3Z/vGIfoB/W20jHI/qn/nEGoxEkluoyyz/OaUTu5J1FKp3bMS7wz/lZ4Jtokbo/PJzsGXT/SpGatUd46Elz6cAQY00olS0WW/39QrpTNXAJWiBFC84JVdZK5gY2EcWti6a4nyMLTPjqvF9ritlKx4L+ITKh5aAMpVgzwFto4dYLWSfi7bDtafb3jbb/2cROTkmUE/ztbCIv7E6le5YPfx6N6v2B/2QPcws8FN6YAgwf9f7YVtoSi6MRitDzUK87GcUjxJr+rN82mSmygtgjbRDp9Kf6WwukZQa9jjpVEEUXHobUqg+JLeityAwXCjP+K9H129BTNSKxxr/eYyLsU4Dc3cl6XSMRmu3an2sKMhn+shOPlSzZfHGR34qeK9WA1Ks7aVtLtScFOTsfos0MHGIA0CMVCXYLMPLWW2+luLyoI7NcP7/9D5AOvZP4eBHVdMmLsz3+cWbG2fZTFL14DbCm2bb0MbFnkE1IaIvQCBo1ySOM1cje/DiyZxegUf41dEMykUXpdKTLB1GQW3gHfwq4AsXNbEMLxBykYnwbDRrj6TyqUOe5GnXmJciUeCWaPX7lv7qKIUgt3IpU0fBAu1dR4dhHkEf4fDTwvY2MKJkowO5M/3pnovux0t+/CPgH8FIqWlXXoMVJD7Cv+CWZo02teSc9eFLzkquXPJ7gD9qEhP2CBPZZT5ttOB6a0CIWI4tCLEF/P7jd1iH9NcDuDpZYvOrv8xOksl3lv8LZ5Z/3IyikN1zQK4H/Qo6YaWH/3w48itYxnRm/XoXWT98PO14Q+RkuQYJzbSceL1Hy0ZqnBamR7SNKK5EQ34Tyjq+P8B3b/Gv2ILsH7w1FZujTQ2rI82gqPbq0vHB9ELMKLdAisRzsqMqy+cnUHL8Y3fh4uZckb0JxedEk4J9EF/ZbKsuqfoOehD0EBTwl4oUzaHYb7l/QQ5CAr0cq0XqiPyEkBU2xo9HNrUOzwqeo0+UhYaxrt89A/xjRDAaH+K8Gdlf30pDb/wSkEixDKmuoTT4StHAnVCaaaRpREkmi9EQqSRPRA81Ai++vIWFdTHT11vPP51g0a2YhtWyNf703EpZbHPYbzgHeCYUAvOAf7MyKsvmPFpcXPY+mtkgM9A+YjKDPR4vSfnG0tWgaT5ZjiDGi+2G7A5Dd/UUSdzVbdAMX+69ECCAnTDRHTE2UfdZ18L1biWwQaEEzUbTY+EgJLzviOF4smoi9tgrRSnyVj0NPCJ/vv+JhB1AObavtCv+LzvPfP030ntUPzFeT/PE1xF85ayXSJxPm7KeLPNqCsCLxSe8dfZci01UaipBzHMCEBP0jlAlyBjAIzMvE9oiNS/J4Qb4YDhqN+UTI/YuHlFayaTOrReLJGVc8Y9DiphkthhwHMCEP3y40xN8BTK4sm/dgcXnRDODGKPtdUFI+/qZZZXPjtbiE8yxtsdCxiHd6+gIWzjTR1xiNaJ0wApkkX6Rr3NyOfUi4K/tpJNhXAn9DMRo/JnLcyiBLYAKRXf0d0YDsnXuFCU8UGhM7iGiuURL3nWjB9Bj7h6fQsQeEe8Q+RDbIU4AxBrsKX5GPQApwXWl5UTrdDC/FnEh0O3QA7NRZZVW9kM26GjmyHAc47YOT7kJ5nz+bVTb/X8XlhVPBnEvkkg1nBZVeNhPZhfPQyGijbB9H64BE8VA8S3/azHXN/ve2Ir1/B/CHkmlf22YJ3oTMSpGYaVvsa2im6o+8gvEWz3Hsx7QX9NeBuWhELMgyO+dus5mPIW9je1KAO4qnj1tQOWXeOygdK1ZUXxpyhiTKCP/4seI/7vM8b4v1gqWoo0aiycDtlZcuyEFe3WriK7DjOABoH8zTglzTFrhzxpSX063cw2ui7H8s1v52yKTB01FeYSwmkNxjys8ntpDPA26c8EThEOAeone2+2eVVb2BOtth/vnuiZ3YsR8RyfJRjeIHioHqbbU7Fg08JXcT8jBFan9C7vE5H6+dt/7ewM7AMchTGMlRk40cQInkXPZAMeyDonz+HvCN0ukF2yzmHyh7JhLLwV718VOrj0Lu8PUo39UtQg8SolWzvQ2F696yceHGo1IDwSeJvjBNBe4reuCMcSjQaVqMdpMTPL9hRLeHLwEmTZxeWBu03j0odj0Su8BcW1k2fxvKYM8Afkpynl3Hfkq0OOTVKAY4F7jnuUsWpFlN+cuitO8NPF5cXlTQa2DPq5A9fkeEdpNJLPY5VKAonACKACyeOGPcJmPNPUQPVwgAt7//+MoFKBioECWAJGMWdezHxHLavIMCnUqAHR8/ter5r1x4+GIUmBVJZ84AJg+ZOHhjU8OuqY2rGpciU2V4dkgfZM6ro2MyUBmM8OyielRV9RfF5UXpxvI3lDUTrfM8DeYnr9+x9DRU8qEGhfI6S8tBRkfJCQNRmOcRaHT9Z3F50QRU3bRvlH2CwGMYbqycUvUZ8D0UIhoqp/BjZMbsiDFooZmBgo7KgTvPnlpQkzLYK0CCOyzG/guxZlLlRfOyUTpeLqo5M7eLrrWjC4knte1MZCvfDpSWPDz2Tdsz7RLkPY3lMFoJ3O4FvGkV33yhF5azkQ7fhFLfOsqiuQVZap4Enhlx+VEbDi0ZMhjsjf73xLLgLAMmV5ZVbUczyJnAzcgb6p4kfRASbw7n5SgkYANQWFo+bnUQ+x1kosvsYN93gfsxPBdoTl37/KXP90HxJh2l1fUGtk2cVuAZzxuJhPsKOq7z8Y6xnDvroqpq1EnOQfby7xE9PtxxgBOvoHvAL9Ao+y5wXsm0gtXW8y5D5rqO7OOhsr4vIXXkJdRpGj1sc0+zs6U+LcNLazFpnjWZKHlgBBqJJyCTZUcdCmCJgQtmlVXVoQqsl6NY+/PpuIyH4wAmkaz8dDT134By9s6dOL3wU79E81+JrrNHwqKslfVoYbgNeU6z0OI1VFo5ERYAl1VKyB9AM8BilLqXzJM0HAcQiZafSEGWkGuQDl52zrNjlrXszDgZ5TsOT/D7OoMA8FjQsz+Yc+H8HqjTfR3lbJ5LfBYexwFOMnVW0tHC7iakflwBVBVPHzcYax9Gmdf7qjLVTuBmG7R/mn3x/HyU8X0WUlcuo5MqsTr2f5IpChNAasJm5AD6JrD54xmrFn7lwiOmIUfRaGJbZDqDdzFMefvBD8rf/MPboZoux6EoycuInZDrOMjYk5E3VDD0AWSjng5cXzxtXD2eHYueP3PiHh4jEjuBvxvMzbPK5m1BVQJuRvb236F1RFeXdnZ0MzpDCIejR4CMQiUUrgfmFpcX9gbzfWStibfUckcsA36aZXLmzpgy43AUu3IO8nhejfJRu1vBTEc3oLNG295IoK9DI/2jwC0l0ws2BK031Eifv5DkwnRB9U7usvDQ7LIqi8yGt6Hkidn+cT/pusvo6O50plphUMLG3WiUX4kegf5o4aNnBHqkp49GGT0TiH9t0ADcZ+C+WWVVG1Gpt1+h4KzPkF3/IeIvi+c4SNkb1pGeKMn6h8i2/iZwKzCr+LHiAGnNx4G9AdWQieblXIkK1/+lsqyqFhUZupG20IGnURVdl73viIu9ZQY0qFLWzciW7aGyElOBqgnTi5o9y5HIOnIJyvhpRjHmD2Go8APCRiCd/wLUKd5AI/ocvlh+zOGIyr6wd49FobUTkcC/gVLengO2lJQXZVqpItVBk7ZszpQ5KUhFuQ5V0uqBwg6monosLl7F0W1JRVXAnkHu/gBy//8WxbynoQdJXYssK83+63U04ie7iHU4ugQPpcbdhQpGWhS2+woyEVq0sHwa1e7OSOYgDkd3IhM/fADVWFyGTJSDkv5Gh6Mbk4bqkzv1xOFwOBwOh8PhcDgcDofD4XA4HA6Hw+FwOBwOh8PhcDgcDofD4XA49h/+H4s0ykj+zOS2AAAAJXRFWHRkYXRlOmNyZWF0ZQAyMDIwLTA4LTA1VDExOjQ1OjMwLTA0OjAwvrlV/QAAACV0RVh0ZGF0ZTptb2RpZnkAMjAyMC0wOC0wNVQxMTo0NTozMC0wNDowMM/k7UEAAAAASUVORK5CYII=')
GO
INSERT [dbo].[ClubDetails] ([TeamID], [TeamName], [HomeGround], [RegisteredOfficeAddress], [ContactEmail], [ContactTelephone], [ClubLogo]) VALUES (9, N'Bluey F.C.', N'Bridge Stadium', N'23 South East London', N'admin@blueyfc.com', N'9657587555', N'data:image/png;base64,iVBORw0KGgoAAAANSUhEUgAAALoAAABwCAYAAACpfWojAAAABGdBTUEAALGPC/xhBQAAACBjSFJNAAB6JgAAgIQAAPoAAACA6AAAdTAAAOpgAAA6mAAAF3CculE8AAAABmJLR0QA/wD/AP+gvaeTAAAAB3RJTUUH5AgFBzsD5lvgwAAAG+NJREFUeNrtnXmYHFW99z+nqnq6e6anZ59kskySmZAAgbAECAFFNlmURZYLKhGBwEX0lZ0rgqLwXlxAwaig4iuLEjZBlkdARO59WUwIwUsIJJDJymSdfeu9q+rcP04PmSQz09WzdaenPs/TTybdp06dOvWt3/md31lK4JJ12qbN9CO4GbgS8AAPYWt3VDQ2dGe7bPmCyHYBxjtt02cWAb8Gvs6u+yGBF6XQFlZuaujKdhnzAVfoWaRt+sxC4HfAwgGSvIjQFlZsaujMdln3dVyhZ4mUJf8d8FUGvg8S+LsU2gWVm1w3Zjho2S7AeKRt+kw/cD9wEYMbGwGcKqS9pHXGrJJsl3tfxrXoY0xK5A8DF2R46KsI7QLXjRkartD78Mak7wuEnC6kOBeoHvkzWDvrC1482Ev40iEcLIGXQF5UsXmD20HNEFfofXhz0vc/BzwLlI187jIh9aYuTfQUzdDW2D4igSFm9DJSXlTxyYaOLFbVPofro+/OzYyKyO2E1Jq7EJFKG72w2Z4qh5HZaQjxWNu0+tIs1dE+iSv03Tl45LOUCam3dKGFq0i1oEkKCiQiOcQMBUrsS1pn1I/CQ5mfuELfHX1ks1PuCiJctdu3I+MxfkFI8XRb3czSMaudfRhX6KOGTEi9uQsRqRp+XgNyIjaPtdXNdC17Glyhjwr9W/JR4nRsnm6rm1me7avOZVyhjzh2QurNPaNsyffkBGyeaKubWZHtq89VXKGPKDIl8vBYC04An8fmcdey948r9BHDTki9qQcRyaZVPRmbP7fX1g01Rp+3GNkuQH4gE1JvcS5yA0ubQELo0jPCBRHAiVoNP47eWPv+YAUGNmuCN73fbkxkqdLGFHdkNMWiuYsnHReOvCKhoiqZKAqaZjGO6kcmpL6zBxF1bMl9gWh89rGrNKHZIy10AESh7DBmWE4iMf+D5Gz/NY1bR6McuYTrugCL5i4+Anhjvb9w2kZ/Yc2KYIlvi9fXirJ8g2An0JsyEvlYIDxYDpMejuDq+N312S7yqDPuhZ4S+XNAPSkLbiMK1hYFyrb4/M0MKHaZkHpTSGbXJ98bnZhWZfszOOJo22uO8EBZ7jGuhb5o7uIjgeeByXv+JsFYW1hUscXnbwHs3X+1E1JvCiGiuRXh0IkZtVZceGVRBkcVMA5c2HEr9MsOXjwPeBqYNFCalNjLt/j8rbu+7RV5JDdFXijdBRr9MC6jLosO/sU8BC8DaQd1JBgfFxZVgmyeEosG0ZsiOWnJp1lx4XdFPhDjzqIvmrv4KIR4Fgci74O21l9U/olfNiGiuTWvpNeSuyIflHEl9JRP/hwwNdNjpRDGen/VlC0FE1rZy2fPEjoRY5rrrjhh3Lguiw5efCTwF6BmqHlIhN7gqy2T0D410VQuHBoKoWu2XuRLan6vrnl0vaAwaouSSkskQlImogXIzNdhCJ8d8x/fk5Cmbpo7fXKk5v7mK+NC6IsOXnwEgmeAKcPNSyKMdb7aMgEdUxNN5QwQsRC6ZgXn7ReuPP0oMzB3RqF/xsSEURrwCF3TAAMzGZfdzXFrx/qk1fC2ba58FbtpU7GTMogCGfOf2B3Xq8xSSJpotJnbfJXZrudcJu+twGVzf3mkQL4ATEyXdpJNSIDDeSLSmhVr7JyaaCrra9mN4kKz+pxjolOuOlN4J5YXoQkhLTuabO2yEy1dwo4lwpoHvbCSQlFabYrCEh9CGFimZW1aGY6/+CustcsC2Fa/rYXw2TH/Sd0JvdIM9vnaNnd4283t/oohWPblID7jv/oTc8xvzhiS1xZd+eTyaRyIPHOEvs5XWwJ01CaayhFClC44MFx/x8UU7jc5IC3b6n5vfVvTn9+wut5ZG0g0dWCFon6g0BeIxmd/9kOpBYJolVPi+kEndHqO/TdNr59XVvjtB23zw//ujj32A6/s3LnbwI/w2jH/iXuJHEAzauJlSNFubvcN2MqMZ/K2QlIjnn8FJjg9JjOL/in2/ta29mMuP6qg9tpz/QJExxsftG366RPe8JrG0j7pwsBOoMdfHLFmHbOqUmhyCr3L9zTdNA45udN7zk0FWvWMYhnqiMYeuj5urn6jDFKW/OTuhF6xl8j7Ypk7vR3mVn8Fzu/tuLDoeSn0yw/5xXwpxdNk6JMPRei6odln3XZC1yFnH1hihaPR9bc8FG196Z0yaVo60GYhX1gbb3vz0e7V5vpkx9SwnQzoGomaIO1fmFbYdPmBwamTA8ZpwDGAX/gDCe9Z1/d4jruoTFrJZOzRW8PWB8/6/Sd0J/WqQUXei2Vu93WaO3zlDt0YV+j7IpcdsvhIIXmOQUY8ByJToWu6Zp9y/bE9Cy4+rKSnOdz95hUPdBav/NdUIGkj77ut9c1334hsORs4CehvTowNbNAEz//hxOr3zpsZuBg4FSGk59gLunxfub0IhG2vWNiqyZcnOy0XYJk7fJ3mNp+TeTjjQuh5FUdfNHfxfCF5gSGIfCgcfu6c0NELDy3uaQn3PHLFs/KdjdrkxoKJq4DTT9ny5B/fiGwpANYAHwKxfrLQgP1syY2Xvtb8q5oHN7/enbC/j5SR5FtPlcafurUbTeraEfeX458dyqBoulETKzMmx9oR6WZgjg/yRuiXzf3lZOAxRqXjuTelk4PRU64/1geYT93wcqJlY3uJRGxu8E1beFzjkv9KSGslao/F21EW/SxgyyBZloeT9p21D2+evTVk3iS8VrcReMjDjvs7Mcr91P8qDlomA1WaURMrMSbF3B29yCOhC+RFQN1YnEvThTz1xs9Y3kCB5/UHVrQ3vre9AmgRcO4dH179YT+HWMCrwHnAYPsmCluycM6Sxs9Hj+v4nl6ZKKLx9jIiqzspPqqc6i+3ZVhU3aiJlRpTom3j3bLnjdABR4MtI0F1fUV8/+PrvJ3be7qX/fG9IMrXvuX2D69ZlebQd4Fn0uUv4ezar3ZV2pLnkZbO5u9qSMui5moPmj/THb40Y2K8zJgU6xjPYs8boUt4AcjEjx0y884/KKkZmmf5YysjsZ54IfDWA+vvXu6smLzgIJ0WS3DDbQ/EnwA66X6riNC7IQoPCBKYN5SddJUbMznaPhb1k4vkjdARvAvcBMRH8zRGgW7NPmFGgW3Zkfdf+DgIyJ2xbUt2xrae6TCLTQ7TFf34T/GzpOQ5pKXT9AiARtWXh2qVdWNivMyYHGtD5MiktDEkb4T+4PvXSIl4ALgRGOoGnmmpqiuPBSqLtG0fNMUjXTE/0LFk82+iqA6nE2Y4PZdt8/nX3rVeBySdr/rBTlLyWQ8Ip2tC90QzamKlxqTouOug5o3QAR5cdbUtEb8Grqb/cN6wmTCrEt3QPFtW7ohKW2rA62Gz5xTgSGBamsM14NwMTle98PZIGIhidnqIbQrhqfZRUDMcoepGTbx8vHVQ80roAA+uuhqJ+D1wPRladkn61fPVMysiADvXtvoBbOxVwKGozvDNDD5/aAHwpQyKJJra5f7AR1KagsiaIjS/RsGk4W6TIYyJ8VJjcrQTQZyhzBPex8jLSV0PrrraAn6zaO5iAfxcgicE3WEh/YBvoOPaNbzpnvzjy30ewF7VGgqs1iRC2hvZNdXg34EI8COgbyhQB05FvYXOyTB+X2qfF3WbbMTcw0wzPB1RusyYbTWL/vuVAZJdh8tmTxnxwjT56sbEeAmVcrtd61VtYB6Tl0L/FCl/ixBmh+BH7cgy0rVgYuCHoBfT0AqkxG63bLNV4LGx4+yqRw24DrgQ+BuwGrVk7wTgcNSK+0wJbKTEBjx1UtiAaNZKjI0MuKioZL0oiVwo14VLiQ+2G0DS9mtRs0acJfXk7dH2mtv95TtGrW+TbfJa6H/44Fp77rx7/1QgxXeKLEpHIs9oNBkVAr/Pr6pOoJUCHeyaIyNQ22csGqHL6CHVgfVofi9gJazooFGTCJ7CVYHqtqODTQO6OFLHsr1aIQID+I60LF3KObcIsTov3Zi889H3xNQIRnRmhAxagWFPXGra0WMDonZ6eSeAEFod0JBhNq0oZ+EqoCVN2gZgthCaDHon6JY0zWiyM5ruBN2ax2MVaQUDfWyf5k+JHJTB+49oa8tPYk01Q2l1cp68F7qwEYCIalSHdVpx0OEcjA0NLcWArJ9VmbKW4khgWYbZPAn8Cvgt8MdB0iXnHl+5HZikC8OuKpoZT5hhrSfR7E13Apl2O7290IAbpGbfEd8+Oe927sp7ofdBRHQmhgzaGIZl39jQmoxGkubhR02RHo9uA8eUFx+wnMzCmfVAb8f4gEHSrT/3hv0mAXqZrzbk1QOlnfGtnQkrksmWc5mgS+RNtsf8aXznsCM7OcV4EjoAUY2qkEE7Q7TsLc2hQOOm9vCEmmCwbr/KHsA7Z/plc4G3MsjmFGBF6nMqyj35LfAifUZ2C4PGo8HKgnMA9q88GYB1bW+Mdr9Kk8hrLd28OdZUnTfrFcad0Em5MSF9aJZdSsTLz6+RgHb+RYdKAE3z/HtFcM5vcT79QAPmAAehHpD5KH/9TOBbqPj/mqt/d1gTMN9nBBP7V57ksWQytq799bRuywigA9dJbWxmg44F41HoAER1qkI6HQxB7K/9rSHQ3hoJHXfSzMJZB1aHgGlzZlx+piaMn5D55kb3AZ2pvyXwKLDywGPLf1A9vfBWQD9kwpeigYKqwnVtr0d64k1pQ6AjRKmE2jE616gzboUOiKhOZUjP3I3p6Y55Hn/43aTXZ3iuvfkEU9c1W+rav00554FOhPYQmXUE93zQ4hNnFN50+c8OvgSYUeqbHDly8ld9lp2Iv73tEUMix+qeteN8AlrOM56FDkrs1SmfPSPL/pcn3g9+/GFT94FzJ5Z+48bjWrYdUBONVFbcXXHJ4xuF7rkT527MN+kzl/7k1+4uu+Gxo78NfNFnBBNnzLrD8mg+z/Jtj/Z0RLdkOqo6VEzgjsKq5s1jdL5RZ7wLHYCoRmXIoIMMLLtl2vqd33vF094WiZ174dzKS887yNaE0ITH98OKy56a5pl44GWosGO60cYTgVc0r2feka/+/tBuq+SVd2ILTjL04vAXZn4/VlVYX/xJ54quf+14cqz2V0wCP7R17f4xOt+YkHfx0j2pnnRaACFuTJNMmIIiKWgrsPHi0AB09iR4vTPRdsax0/wnzKkKFPmM1qUNbUWW5FDf7JOP8B9y3hKz6eM/2j3N21EjpgWAF/VAtQIrhKY9MuXSL70w+0fXnC8QvwAxw+uZLL950FXx+pIDSlsjmzqe+/g7vqQdzagTWu6Nx+sCPZn68yZwu+n1/Li4dMewxhtyjbwJHw3EnHn3TpSa2OEwufTZtBWblJJmeoSta4nGWRMi4aCv5JhZFV2/v+IIX1XQ612+vr3zu4+vMj7c2t07JaALWCaTsXc02bah6rCtXZpH9xnBQJWnLDhTeIzPoKIvPkNo1ueqp4Wvn73AqPQW+hu6tzb9o+E6f9xsydiazyzu6jp5wvZMjjOBW21d+3mgfGdeiRxcofeL36IlYFHOAC1eSuShcND36QsB9psYiDxwxbzkQVNKSmJJK/bMO9siv3l1g1i7o+fT/dQ9xZY19dQ2yR4PkSaEXFAxpfMr0w7WjiifFADEi9sbmu9Zu6ykQqyPLPC9VSyQGQ3NZyh0C2XJ7wwGt+Xl6iNX6APgs2ntz7JbuhZvnD0hHCn27fXWC4+umVeeVNf9rVPqfZXF3kJAbm4Jt/3jw2Zj5SeddmOouyh4RHtCA0/A49VmBsq65wSr/MdW1VoBoyAI2BtC7R2/aFiefKdt26fbdtQamzvm+5cV6ViOxZ6B0E3gZtPruScY3JaXE7rAFfpgSL9FW8DaJXZb1xKfzJoQigR9ZQxSd5XF3sSFC6ZEv7yg1p5RXVTsNTQ9ld62pUwKgRAIDyAk2HHLND/qbml/snGNvrR1SzBum3v643Kasblrvn9poYbtSOwOhZ4Afmgb+l2BsvzyyffEFXoa/BatAYtSS9esLbMnhMP9WPLBqK0sbJ83vcx7yPTS7tpqX0HFZNtvSpuImezZEulOruluCXzU3UJHIlaaLq9pxuaO+b5lRZpIb9kdCN0EbjW9np/lq7vSl7yejz4SRHUqTENr6aifoEcyFDlAY2ukvLE1wrPvbitK+egWKvqSbgXQXnxiTi+VMbrm+5eRiRvTDwlUx/Pe8SBycOPoaZG6ZrbUT/BEin2ZbMU8GMOpc9FoTi9ZHl0QkWhDXQ1kAj8wvZ578jG6MhCu0AdB6lqis35COFHsy6U30YlNyYn63zoDHaYkkeGxJnCj5dHvGi+WvBfXdRkAqWvJrroJkWSRL6fe+GbJeLg1skzbYdtVSekLnVEWExo4mTueAG4zvZ5f5nN0ZSBci94Ptq4lOusmhBMBXyk51GG3ZCzUGvknSburCBANUaP4xQ5fzJQinRvTG0K8azyKHMaB0DNdUiZ1LdlVPzGSDOSWJbdlPNQaWSqSdvduK/vXRo3AS53ewcQeB262dW1cWvJe8l7oQogIzpe5yZ6pFd3JIm8pOWTJbRkPtfQj8t5LbIgaxS91emOW3GsCmQohJo17x1PHsz/yXugIGQaed5LUNvRwIliYU6vgbRkPt0Te0lLuyoA0RI3iFzr80S5L67EhErP0JuAKW9PvDU7aPq46nv2R953R1Suusw88YvG1CBkFzmbw+HVcCgy0UTLmGlFIv0lSL5aMh1qjS0XS7nEUc98Q04Nb4v5YkS4tUxa+ecEh/3p4dC5k3yPvhQ6w5t1rdgKXHnrovZpV5DUGckqE0Oj6bM3tCK4fjXJ4jbgP2hz5yamOp0jaPUVO0veSkMKXMAWo6cAuKcaF0HtZufI6GwaPPRdcsez/gtgPtevtSJt2R36yEvlSzakld0lP/vvoGZK4eEEExCXAU6N0ikEtuiVjodboUi1pd7siH0FcofdD4uL5IRCLgCfIfMerdAzYSlgyFmqJvKUlLVfkI40r9AFIXDw/DOJy4M9jcb5eS27aIVfko4Ar9EFIXDw/LHRxCfDIaJ7HteSjjyv0NMQvmh8VGlcBjzPybgyWjIVdSz76uEJ3QHzh0VFs7QpgyXDykVJYss/+MZaMhVsj/xwtSz6U1zTmLa7QHZK45KgwUrsSJfYhjTSatiFiSX8CwJLRcEvkn1rS7hmNnXGTUm1Y6pLCFXoGJL5+VEQgrkS5MRljS83zSddUI5KUO1sjy4Q5OiLvBG5FiH9ks65yjZyZuLQv4V3yjk9a9n3ApWRehxs1LXFque+nYaGR0ahnOqQUliXkDo8tYlvP/2u2qymncIU+RLxLlvulJX8HLMR5Pa5DyHMSX1uwOtvlH2+4rssQiV80Pyp0cSXwoMND1iHkGa7Is4Mr9GGQEvu3gIcZvIPagJBnJ7yxTF/q5TJCuK7LCOB5dLlf2PLXwGX9/LwOIc9OfG3BR9ku53jGtegjQHLh/KjUxDdRb4buO0NxNXB6whtzRZ5lXIs+gnj+9HaBkHwROB7YCOLxxMXzm7NdLhcXFxcXFxcXFxcXFxcXFxcXFxcXlyGT969fdBkzBLv2ksm5PR5He8DoeOC6AX6zgTCwBVgBvAm0DJD2NOAq1B6K1wA7MyjDlcAXgA5gEen3VtGAnwH1qBfi/qTPbz7gMTI3EN2oN0T3AGf1KcddwNsOji9OlWkisBa4hfRvup4E/CbDcnak6tfp6qQ61P43nwf2BwIokXcBHwB/A54js/u1T7IwdeFOPpuAr9H/w3dVKk0IJcBMuC917A6c7SOuA/9KHfPMHr8FUG9WdnpNvZ9WoCKVRzGwPvX9Mpy94uU/UIYhgXponbDfEMq5A6h2kHcB8B2gzUGejcBFZHkUfqx26rJQln3rHt+XA0cC5wPTgYdQT/+r2awUhzyBslZOSKCsOal/r0JtfHp0ql7uHOTY/YEfoITyAMpKZsp9qBYzHTHSW3Mv8AeUeAEaUFOVX0O1zgbK0p+NMnRTUfe1BtUq5SW9Fj0BHDhAGoG64V2ptH/pJ00uWvTvDqNeNODXqXzagLkDpPMBf02l2wBUZnCOvhZ94TDK2heRum4rle+TwIRB0h8AvJdKGwUOH6FyZEwuzF6UKD91eer/9eR/J9kGbgPWoVq1e+j/IVwInI7azP9alAuUTWYAN6F08zZwCdA0SPqPgC+jjFgE+Fy2Cp4LQu8lnvo3xhBX2e9jtKPclhhwImr9aV9qgTtQ9+gR4KVsFxj4ClCGule3oKx0OtaiOqsHAIuzVfBcEXoFcFjq7/8iB8NTo8RLqO0zBMoPr0t9bwD/ifJrt6BElQtvrOjtCDegOtJOWQE0k0UDNpZCL0B1ZHo/PlSzPR+1c+1k1EKFn2erMrKARIl4HSoceDfqnpyJ6uzFgW+j/PhsU8yuB3EFzl+XkxOMVdTFQHXs4n2+E4AfFRs2gf+Haqqz7Yc6ZRFwksO0/wf4eIDfmlHhwz+jIhWXA9ejBP8EqjM6XHSc3WvJwC1HObve1rF9BMo0poyV0AXK59zTJTFSv0WAaSjhPM7uD0SuUo/zCFAwze/PoVyYr6MGeTRgMypWPRIuy23Atxyk++/UOfvDYJcHEB6BMo0pYyX0JHAqqone8/y1qMjCFSihn5r6O5TtyknDQzjfsWutgzTfAz6Lcg+SKCvf5OA4J9Sxy+0YjMZBfouz66FL9+DmHGP5apcm9h4wAmW53gBeRu0XeCHKB7wni/XiZBRvHSM7sLUV+DvwDdRQ/DPDy2437kIN6KRjsPWtbagoSxmq9d2nyKV3GL0FvA58ERU/Himh97pBOsrHTPeWZQH0vkx3rJvovm7KSEYoPkA9RMMhioqLTwKOQln1bofH9hqOrEXTciW8COrG9lqUqSOY77bUv4XAFAfpg33OvynblZJjvJz6dwYqNu6Uc1EjwU7qf1TIJaF72NW5G8lw2usoS1IEnOEg/ddSZUmiYvouu3gCNcNUB34KVDk4pg41UPRN4F6yNOqdK0LXgHNQc15g+M1sX94H/pn6+yYGn29xLLuiDu8AS7NdMVmgGNWiTWHvaQnbUdOWbZRRehI1Ga8/BGo09GnUGEkX8H12d8/KUucayRa8X8YyvHgsezddHtTo38moGHIBsJGB/XMdOCFVgYOxml1uRxI11P4SygK9AtyPik9vRz1k01CDNN9AuS5NqIGawfz5/XHWQvSynoFj6bnEN1Cd126UL943YiSBX6Im6F2GuhdLUbMZ/44axRWo+3wWalpDRSqvS/u5/v9EWfoE+/gLgPvOR7f6+dh9fo8D/x8loD25qk8628Hnmn7yOAbVKbP7nK8HFcZM9Mn7fWDeANfTd/aik3L0/fyE9PTOaByJsOJQZy/exK7FE7MHSONFDWq19DlHIlWX4T51ZAH/k6r7/iJZvTNLR33cZLQtehOD+7kJ1Bsa1qTSvTvARW8jM3+5vzDmUuA44DxU63EYapGBjbLsK1EhvRcYeE62hRpUGYqfucFBmobUdXYOIf89ifaps0xW+DSmjoukPv0RR7W6z6Lq8zSUla9I1VEjKkT8F1RLOtCYSO/1plstNWz+F7nvUgvkDOZnAAAAJXRFWHRkYXRlOmNyZWF0ZQAyMDIwLTA4LTA1VDExOjU5OjAzLTA0OjAw2mx3zQAAACV0RVh0ZGF0ZTptb2RpZnkAMjAyMC0wOC0wNVQxMTo1OTowMy0wNDowMKsxz3EAAAAASUVORK5CYII=')
GO
SET IDENTITY_INSERT [dbo].[ClubDetails] OFF
GO
SET IDENTITY_INSERT [dbo].[Genders] ON 
GO
INSERT [dbo].[Genders] ([GenderID], [GenderName]) VALUES (3, N'Female')
GO
INSERT [dbo].[Genders] ([GenderID], [GenderName]) VALUES (2, N'Male')
GO
SET IDENTITY_INSERT [dbo].[Genders] OFF
GO
SET IDENTITY_INSERT [dbo].[PlayerPositions] ON 
GO
INSERT [dbo].[PlayerPositions] ([PositionID], [PositionName]) VALUES (6, N'Attacking Midfielder')
GO
INSERT [dbo].[PlayerPositions] ([PositionID], [PositionName]) VALUES (4, N'Central Defender')
GO
INSERT [dbo].[PlayerPositions] ([PositionID], [PositionName]) VALUES (5, N'Defensive Midfielder')
GO
INSERT [dbo].[PlayerPositions] ([PositionID], [PositionName]) VALUES (7, N'Forward')
GO
INSERT [dbo].[PlayerPositions] ([PositionID], [PositionName]) VALUES (1, N'Goalkeeper')
GO
INSERT [dbo].[PlayerPositions] ([PositionID], [PositionName]) VALUES (2, N'Left Back')
GO
INSERT [dbo].[PlayerPositions] ([PositionID], [PositionName]) VALUES (3, N'Right Back')
GO
SET IDENTITY_INSERT [dbo].[PlayerPositions] OFF
GO
SET IDENTITY_INSERT [dbo].[Roles] ON 
GO
INSERT [dbo].[Roles] ([RoleID], [RoleName]) VALUES (2, N'Agent')
GO
INSERT [dbo].[Roles] ([RoleID], [RoleName]) VALUES (3, N'Club Manager')
GO
INSERT [dbo].[Roles] ([RoleID], [RoleName]) VALUES (1, N'Player')
GO
INSERT [dbo].[Roles] ([RoleID], [RoleName]) VALUES (4, N'SiteAdmin')
GO
SET IDENTITY_INSERT [dbo].[Roles] OFF
GO
SET IDENTITY_INSERT [dbo].[TransferTypes] ON 
GO
INSERT [dbo].[TransferTypes] ([TransferTypeID], [TransferTypeName]) VALUES (4, N'Club To Club')
GO
INSERT [dbo].[TransferTypes] ([TransferTypeID], [TransferTypeName]) VALUES (2, N'Free Agent')
GO
INSERT [dbo].[TransferTypes] ([TransferTypeID], [TransferTypeName]) VALUES (1, N'Loan')
GO
SET IDENTITY_INSERT [dbo].[TransferTypes] OFF
GO
SET IDENTITY_INSERT [dbo].[Users] ON 
GO
INSERT [dbo].[Users] ([UserID], [Username], [Password], [TeamID]) VALUES (1, N'arsenewenger', N'professor', NULL)
GO
INSERT [dbo].[Users] ([UserID], [Username], [Password], [TeamID]) VALUES (2, N'muyik', N'Professor', NULL)
GO
INSERT [dbo].[Users] ([UserID], [Username], [Password], [TeamID]) VALUES (3, N'ronaldo', N'professor', 8)
GO
SET IDENTITY_INSERT [dbo].[Users] OFF
GO
SET IDENTITY_INSERT [dbo].[UsersInRoles] ON 
GO
INSERT [dbo].[UsersInRoles] ([ID], [UserID], [RoleID]) VALUES (3, 1, 3)
GO
INSERT [dbo].[UsersInRoles] ([ID], [UserID], [RoleID]) VALUES (4, 2, 4)
GO
INSERT [dbo].[UsersInRoles] ([ID], [UserID], [RoleID]) VALUES (5, 3, 2)
GO
INSERT [dbo].[UsersInRoles] ([ID], [UserID], [RoleID]) VALUES (6, 3, 3)
GO
INSERT [dbo].[UsersInRoles] ([ID], [UserID], [RoleID]) VALUES (7, 3, 1)
GO
INSERT [dbo].[UsersInRoles] ([ID], [UserID], [RoleID]) VALUES (8, 3, 4)
GO
SET IDENTITY_INSERT [dbo].[UsersInRoles] OFF
GO
SET ANSI_PADDING ON
GO
/****** Object:  Index [IX_ClubDetails]    Script Date: 8/8/2020 8:40:06 AM ******/
ALTER TABLE [dbo].[ClubDetails] ADD  CONSTRAINT [IX_ClubDetails] UNIQUE NONCLUSTERED 
(
	[TeamName] ASC
)WITH (PAD_INDEX = OFF, STATISTICS_NORECOMPUTE = OFF, SORT_IN_TEMPDB = OFF, IGNORE_DUP_KEY = OFF, ONLINE = OFF, ALLOW_ROW_LOCKS = ON, ALLOW_PAGE_LOCKS = ON) ON [PRIMARY]
GO
SET ANSI_PADDING ON
GO
/****** Object:  Index [IX_Genders]    Script Date: 8/8/2020 8:40:06 AM ******/
ALTER TABLE [dbo].[Genders] ADD  CONSTRAINT [IX_Genders] UNIQUE NONCLUSTERED 
(
	[GenderName] ASC
)WITH (PAD_INDEX = OFF, STATISTICS_NORECOMPUTE = OFF, SORT_IN_TEMPDB = OFF, IGNORE_DUP_KEY = OFF, ONLINE = OFF, ALLOW_ROW_LOCKS = ON, ALLOW_PAGE_LOCKS = ON) ON [PRIMARY]
GO
SET ANSI_PADDING ON
GO
/****** Object:  Index [IX_PlayerPositions]    Script Date: 8/8/2020 8:40:06 AM ******/
ALTER TABLE [dbo].[PlayerPositions] ADD  CONSTRAINT [IX_PlayerPositions] UNIQUE NONCLUSTERED 
(
	[PositionName] ASC
)WITH (PAD_INDEX = OFF, STATISTICS_NORECOMPUTE = OFF, SORT_IN_TEMPDB = OFF, IGNORE_DUP_KEY = OFF, ONLINE = OFF, ALLOW_ROW_LOCKS = ON, ALLOW_PAGE_LOCKS = ON) ON [PRIMARY]
GO
SET ANSI_PADDING ON
GO
/****** Object:  Index [IX_Roles]    Script Date: 8/8/2020 8:40:06 AM ******/
ALTER TABLE [dbo].[Roles] ADD  CONSTRAINT [IX_Roles] UNIQUE NONCLUSTERED 
(
	[RoleName] ASC
)WITH (PAD_INDEX = OFF, STATISTICS_NORECOMPUTE = OFF, SORT_IN_TEMPDB = OFF, IGNORE_DUP_KEY = OFF, ONLINE = OFF, ALLOW_ROW_LOCKS = ON, ALLOW_PAGE_LOCKS = ON) ON [PRIMARY]
GO
SET ANSI_PADDING ON
GO
/****** Object:  Index [IX_TransferTypes]    Script Date: 8/8/2020 8:40:06 AM ******/
ALTER TABLE [dbo].[TransferTypes] ADD  CONSTRAINT [IX_TransferTypes] UNIQUE NONCLUSTERED 
(
	[TransferTypeName] ASC
)WITH (PAD_INDEX = OFF, STATISTICS_NORECOMPUTE = OFF, SORT_IN_TEMPDB = OFF, IGNORE_DUP_KEY = OFF, ONLINE = OFF, ALLOW_ROW_LOCKS = ON, ALLOW_PAGE_LOCKS = ON) ON [PRIMARY]
GO
SET ANSI_PADDING ON
GO
/****** Object:  Index [IX_Users]    Script Date: 8/8/2020 8:40:06 AM ******/
ALTER TABLE [dbo].[Users] ADD  CONSTRAINT [IX_Users] UNIQUE NONCLUSTERED 
(
	[Username] ASC
)WITH (PAD_INDEX = OFF, STATISTICS_NORECOMPUTE = OFF, SORT_IN_TEMPDB = OFF, IGNORE_DUP_KEY = OFF, ONLINE = OFF, ALLOW_ROW_LOCKS = ON, ALLOW_PAGE_LOCKS = ON) ON [PRIMARY]
GO
ALTER TABLE [dbo].[Players]  WITH CHECK ADD  CONSTRAINT [FK_Players_ClubDetails] FOREIGN KEY([CurrentClubID])
REFERENCES [dbo].[ClubDetails] ([TeamID])
GO
ALTER TABLE [dbo].[Players] CHECK CONSTRAINT [FK_Players_ClubDetails]
GO
ALTER TABLE [dbo].[Players]  WITH CHECK ADD  CONSTRAINT [FK_Players_Genders] FOREIGN KEY([GenderID])
REFERENCES [dbo].[Genders] ([GenderID])
GO
ALTER TABLE [dbo].[Players] CHECK CONSTRAINT [FK_Players_Genders]
GO
ALTER TABLE [dbo].[Players]  WITH CHECK ADD  CONSTRAINT [FK_Players_PlayerPositions] FOREIGN KEY([PositionID])
REFERENCES [dbo].[PlayerPositions] ([PositionID])
GO
ALTER TABLE [dbo].[Players] CHECK CONSTRAINT [FK_Players_PlayerPositions]
GO
ALTER TABLE [dbo].[PlayerTransfers]  WITH CHECK ADD  CONSTRAINT [FK_PlayerTransfers_ClubDetails] FOREIGN KEY([OriginatingClubID])
REFERENCES [dbo].[ClubDetails] ([TeamID])
GO
ALTER TABLE [dbo].[PlayerTransfers] CHECK CONSTRAINT [FK_PlayerTransfers_ClubDetails]
GO
ALTER TABLE [dbo].[PlayerTransfers]  WITH CHECK ADD  CONSTRAINT [FK_PlayerTransfers_ClubDetails1] FOREIGN KEY([DestinationClubID])
REFERENCES [dbo].[ClubDetails] ([TeamID])
GO
ALTER TABLE [dbo].[PlayerTransfers] CHECK CONSTRAINT [FK_PlayerTransfers_ClubDetails1]
GO
ALTER TABLE [dbo].[PlayerTransfers]  WITH CHECK ADD  CONSTRAINT [FK_PlayerTransfers_Players] FOREIGN KEY([PlayerID])
REFERENCES [dbo].[Players] ([PlayerID])
GO
ALTER TABLE [dbo].[PlayerTransfers] CHECK CONSTRAINT [FK_PlayerTransfers_Players]
GO
ALTER TABLE [dbo].[PlayerTransfers]  WITH CHECK ADD  CONSTRAINT [FK_PlayerTransfers_TransferTypes] FOREIGN KEY([TransferTypeID])
REFERENCES [dbo].[TransferTypes] ([TransferTypeID])
GO
ALTER TABLE [dbo].[PlayerTransfers] CHECK CONSTRAINT [FK_PlayerTransfers_TransferTypes]
GO
ALTER TABLE [dbo].[Users]  WITH CHECK ADD  CONSTRAINT [FK_Users_ClubDetails] FOREIGN KEY([TeamID])
REFERENCES [dbo].[ClubDetails] ([TeamID])
GO
ALTER TABLE [dbo].[Users] CHECK CONSTRAINT [FK_Users_ClubDetails]
GO
ALTER TABLE [dbo].[UsersInRoles]  WITH CHECK ADD  CONSTRAINT [FK_UsersInRoles_Roles] FOREIGN KEY([RoleID])
REFERENCES [dbo].[Roles] ([RoleID])
GO
ALTER TABLE [dbo].[UsersInRoles] CHECK CONSTRAINT [FK_UsersInRoles_Roles]
GO
ALTER TABLE [dbo].[UsersInRoles]  WITH CHECK ADD  CONSTRAINT [FK_UsersInRoles_Users] FOREIGN KEY([UserID])
REFERENCES [dbo].[Users] ([UserID])
GO
ALTER TABLE [dbo].[UsersInRoles] CHECK CONSTRAINT [FK_UsersInRoles_Users]
GO
/****** Object:  StoredProcedure [dbo].[GetUserRoles]    Script Date: 8/8/2020 8:40:06 AM ******/
SET ANSI_NULLS ON
GO
SET QUOTED_IDENTIFIER ON
GO
CREATE PROCEDURE [dbo].[GetUserRoles]
@UserID int
AS
SELECT Roles.RoleName
FROM     UsersInRoles INNER JOIN
                  Users ON UsersInRoles.UserID = Users.UserID INNER JOIN
                  Roles ON UsersInRoles.RoleID = Roles.RoleID
WHERE  (UsersInRoles.UserID = @UserID)
GO
USE [master]
GO
ALTER DATABASE [SoccerLeagueDB] SET  READ_WRITE 
GO
